Statystyka,Wartość,Wartość oczekiwana,Wariancja,Z-score,p-value
Moran's I,-0.03773324167658313,-0.037037037037037035,0.005909440749277074,-0.009056569449841467,0.9927740018434089
Geary's C,1.067868057581535,1.0,0.009000380588547872,0.7153770154625189,0.23718805552577632
Getis-Ord G,0.2668855576053467,0.25925925925925924,0.001041863891536987,0.23626984578042115,0.40661164209069645
