Statystyka,Wartość,Wartość oczekiwana,Wariancja,Z-score,p-value
Moran's I,0.10193728150424422,-0.05,0.007143078010424957,1.7977183649898016,0.0722216496226112
Geary's C,1.0275393882711046,1.0,0.0006778907580732869,1.057729050909316,0.14508949342083916
Getis-Ord G,0.3460131520003443,0.35,3.866198632615503e-05,-0.6411912643627313,0.26069921227181436
